Full Name,NRC
Barbara Young,02795616/46/1
Donna Bradley,06403340/94/2
Michelle Adams,08482642/59/2
Luke Wilson,10858813/35/2
Crystal Curry,04381729/64/1
Monica Smith,05679007/73/1
Carlos Sanders,04988876/91/2
Shane Moore,05965693/34/2
Bonnie Rodriguez,09848336/43/2
William Morrison,04780914/77/2
Michelle Smith,09965801/51/2
Jessica Swanson,03907938/77/1
Corey Ali,02878555/62/1
Jonathan Cox,01969186/65/2
Jack Zhang,02350638/37/1
Amanda Lopez,07392903/50/2
Shawn Curry,01720028/47/1
Megan Foster,03476690/72/2
Alicia Lewis,05595993/89/1
Susan Solis,01193315/32/1
Peter Ward,04590594/93/2
Matthew Higgins,03635303/84/1
Jose Alvarez,07444462/60/2
Mrs. Sharon Carpenter DVM,05700482/80/1
Katherine Brown,07597737/37/2
David Marshall,04491670/51/1
Lisa Brown,04398471/68/1
Samuel Powell,06241327/99/1
Brittany Myers,04701477/42/1
Christopher Mcgee,01919106/52/2
Jeremy Henderson,04462751/91/1
Eddie Myers,05458532/59/1
Amy Fields,06718418/62/1
Daniel Davis,10410830/71/1
Joshua Rodriguez,04375076/82/1
Jacob White,09335271/72/1
Sarah Gonzalez,08647901/74/2
David Vaughn,08186968/94/1
Leslie Freeman,08452629/66/2
Sharon Cox,10324722/59/1
Bobby Harris,09798549/97/2
Jason Love,03995985/88/1
Allison Ray,05585568/90/1
Natasha Russell,05775408/74/1
Rebekah Collins,07150265/58/2
Justin Carter,01103672/40/1
Deanna Smith,08176816/33/1
Elizabeth Cuevas,01272898/86/1
Jaclyn Brooks,10352092/67/2
Dean Brown,04228240/73/1
Robin Johnson,04853305/48/2
Marie Perry,09790938/65/1
Ryan Reilly,02169235/49/1
Henry Browning,06453256/98/2
Robert Johnson,07489263/79/1
Melissa Allen,05220068/63/1
Andrew Thomas,08693542/57/2
Dylan Mason,01947655/41/1
Daniel Young,01838997/97/1
Timothy Gutierrez,03500499/93/2
Abigail Wilson,06356554/34/2
Brandon Wilson,05650800/55/2
Carla Mitchell,01883801/93/2
Anthony Moore,09292664/70/2
Caleb Hunt,02416793/98/1
Paula Diaz,01241269/73/2
Richard Norris,10577082/59/2
Veronica Weiss,06948614/77/2
Charlene Jones,08581569/41/1
Todd Wilson,10780324/96/2
Joshua Smith,02879085/50/1
Dr. Elizabeth Lee,05724871/59/1
Stephanie Baldwin,05735221/64/1
Jessica Patel,03946628/81/1
Megan Scott,01623108/84/1
John Johnson,08342685/70/1
Melissa Jackson,05144161/93/2
Christopher Smith,08892814/97/1
Kristen Molina,10406924/50/1
Gwendolyn Cameron,02884667/30/1
Kelsey Gilmore,04375965/36/1
Timothy Sutton,02778309/35/1
Denise James,07614541/53/2
William Martinez,08786120/73/2
Kelly Miller,04709041/80/1
Virginia Adkins,03628846/72/2
Lisa Graham,07924379/55/1
Michael Gomez,03874329/77/1
Mr. Daniel Fitzgerald,03200345/80/2
Jacqueline Gonzalez,07991905/51/1
Anthony Fox,09480891/56/2
Brandy Mason,01816728/31/2
Christopher Bailey,10141573/89/1
Paul Brown,02263733/94/2
Brian Rocha,06219787/94/2
David Neal,07925841/83/1
Jessica Savage,08839551/68/1
Nathan Martinez,05631054/35/2
Juan Curry,01742484/52/2
Michael Wood,08420141/30/1
