Full Name,NRC
William Martinez,08786120/73/2
Henry Browning,06453256/98/2
Joshua Smith,02879085/50/1
Justin Carter,01103672/40/1
Rebekah Collins,07150265/58/2
Sharon Cox,10324722/59/1
Jose Alvarez,07444462/60/2
Kelsey Gilmore,04375965/36/1
Michelle Smith,09965801/51/2
Barbara Young,02795616/46/1
Alicia Lewis,05595993/89/1
Jeremy Henderson,04462751/91/1
Jessica Patel,03946628/81/1
Daniel Davis,10410830/71/1
Anthony Fox,09480891/56/2
Crystal Curry,04381729/64/1
Melissa Jackson,05144161/93/2
Christopher Smith,08892814/97/1
Corey Ali,02878555/62/1
Eddie Myers,05458532/59/1
Melissa Allen,05220068/63/1
Mr. Daniel Fitzgerald,03200345/80/2
Lisa Brown,04398471/68/1
Allison Ray,05585568/90/1
Todd Wilson,10780324/96/2
Amanda Lopez,07392903/50/2
Bobby Harris,09798549/97/2
Jessica Savage,08839551/68/1
William Morrison,04780914/77/2
Stephanie Baldwin,05735221/64/1
